Roz,Whiffen,1.97,21
Joelly,Myrilla,2.05,76
Louella,Lesley,2.99,36
Carolina,Belanger,2.76,58
Jordan,Fillbert,3.32,68
Katuscha,Ochs,3.23,66
Elka,Maisey,3.21,27
Judy,Adlare,1.57,97
Theodora,Girardo,2.51,25
Jillayne,Corrine,3.77,41
Lanna,Dash,2.23,31
Priscilla,Celestine,3.92,44
Roslyn,Lauraine,3.00,67
Giustina,Weitman,1.98,27
Catharine,Delacourt,2.58,28
Leeanne,Elsinore,1.30,26
Paola,Chinua,1.95,33
Catrina,Valerio,3.56,25
Norine,Rugen,3.76,64
Aurore,Ahab,1.47,48
Vinita,Tyson,1.76,29
Selia,Cecile,4,75
Lulita,Kellby,3.23,26
Gabriellia,Rubie,4,56
Shandie,Oster,2.26,25
Lucy,Durware,3.67,78
Gilligan,Alcott,2.63,89
Kassey,Adore,2.61,77
Tonia,Lasley,2.27,79
Trixi,Joseph,3.44,54
Tybie,Naor,3.41,40
Moyna,Daveta,1.03,50
Kara-Lynn,Skell,2.25,97
Tybie,Lattie,1.47,73
Julieta,Maroney,3.84,59
Kayla,Donell,4,20
Claudina,Hanshaw,3.67,45
Teddie,Ariella,1.92,23
Marsiella,Ackerley,4,29
Jobi,Kendrick,1.15,80
Pearline,Candy,3.70,57
Nariko,Persse,4,26
Janis,Chick,3.17,32
Nikki,Zaslow,2.95,47
Priscilla,Stuart,3.13,33
Cristabel,Santoro,1.69,89
Amelia,Killigrew,4,59
Karina,Shelba,4,31
Cathie,Calhoun,3.96,68
Felice,Martguerita,4,46
Daune,Maribeth,4,94
Renae,Alarise,2.65,36
Ninnetta,Orelee,2.68,63
Lacie,Reinke,1.47,51
Raquela,Jobi,2.39,30
Shauna,Dom,4,70
Concettina,Glovsky,4,68
Shirlee,Simmonds,1.11,54
Josephine,Kermit,3.03,33
Susette,Wadell,4,28
Amara,Toor,3.01,41
Chastity,Seligman,1.60,74
Lulita,Docilla,3.53,50
Ann-Marie,Jacobah,1.11,36
Marita,Marlie,4,75
Marinna,Iaverne,1.68,32
Libbie,Louanna,2.25,64
Raina,Tarrant,3.19,74
Ana,Bultman,3.62,78
Jaime,Ader,3.04,23
Linet,Alisia,3.17,23
Eugine,Elisha,2.67,69
Starla,Garbe,1.12,35
Lyssa,Maurine,1.71,43
Barbi,Koziara,1.38,39
Nyssa,Elvyn,3.86,37
Hannis,Percy,1.92,20
Tina,Angelis,1.42,47
Amalie,Mendez,3.15,22
Sandie,Berl,2.26,47
Drucie,Magnolia,4,29
Wileen,Ingra,2.13,45
Dacia,Radu,4,44
Trudie,Lindemann,1.28,29
Roxane,Riordan,3.57,79
Stevana,Mauer,2.98,80
Dacia,Amethist,4,24
Glenda,Aprile,4,79
Lonnie,Dudley,1.06,73
Theodora,Stoller,3.55,26
Dulce,Barrus,2.55,44
Annaliese,Stelle,1.91,86
Lulita,Ietta,4,57
Lorne,Anderea,3.50,88
Chloris,Natica,4,28
Annabela,Bari,3.85,44
Reeba,Guthrie,4,53
Vita,Nisbet,1.71,29
Kirstin,Garek,3.00,91
Susan,Jerald,4,90
Sheelagh,Nedrud,2.63,66
Sharai,Therine,3.49,31
Gianina,Gaal,2.08,90
Ann-Marie,Tacye,3.82,72
Celisse,Martguerita,2.52,85
Ileana,Bohlin,4,37
Celene,Nea,4,31
Ermengarde,Faust,3.73,96
Belva,Demitria,1.44,92
Ebonee,Fosque,1.16,64
Kary,Melony,3.89,78
Lauryn,Hutchison,3.29,48
Louella,McCutcheon,1.04,82
Latisha,Alejoa,3.15,20
Emylee,Paine,1.85,95
Kerrin,Euridice,1.49,97
Thalia,Ailyn,3.81,25
Aryn,Selway,2.60,30
Zaria,Maurine,1.36,97
Suzette,Torray,3.86,77
Antonietta,Syd,1.39,51
Ulrike,Beniamino,4,92
Raf,Philoo,2.44,94
Blondelle,Killigrew,2.20,33
Sissy,Huggins,4,49
Briney,Fulmer,4,25
Dorene,Wolfgram,1.15,88
Meg,Othilia,2.52,73
Paola,Miru,2.60,41
Mamie,Amand,4,37
Shandie,Graig,1.10,39
Karina,Glovsky,2.48,26
Frieda,Edison,3.30,24
Goldie,Chaing,3.08,81
Maridel,Angelis,1.72,75
Gaylene,Sherfield,3.31,31
Sandie,Calhoun,1.69,40
Lauryn,Leler,2.23,49
Flory,Iaverne,2.18,48
Genevra,Evangelia,4,37
Hermione,Isacco,1.32,50
Kenna,Dominy,2.67,34
Clementine,Wiener,1.15,71
Aigneis,Adrienne,4,95
Cyb,Trace,2.40,29
Henriette,Schonfeld,3.60,52
Gabriellia,Anestassia,4,78
Marita,Margret,1.16,67
Candy,Thomasina,3.82,47
Kara-Lynn,Bahr,4,55
Elka,Egbert,4,85
Asia,Ax,1.02,54
Delilah,Gaal,2.82,31
Anica,Odell,2.14,82
Alameda,Taam,2.60,49
Priscilla,Nea,1.78,49
Janenna,Chaing,1.57,40
Patricia,Berne,2.37,92
Fawne,Wind,3.52,19
Kalina,Kristi,4,23
Donetta,Noam,3.13,49
Ketti,Gaulin,1.65,44
Raf,Sabella,2.76,62
Trixi,Parette,4,26
Minda,Wenda,3.09,35
Perry,Seagraves,3.12,52
Caritta,Ferrell,3.17,22
Merci,Dulciana,4,57
Aryn,Longfellow,2.91,83
Lita,Ophelia,1.18,53
Carol-Jean,Melleta,2.44,80
Larine,Means,1.89,95
Ileana,Yam,4,67
Belva,Goldina,3.35,57
Marnia,Baylor,2.51,53
Elie,Curren,4,88
Neila,Torray,1.59,49
Kalina,Evangelia,2.79,21
Kittie,Aida,4,66
Kial,Waldron,2.73,28
Dale,Revkah,1.64,88
Kirbee,Sundin,1.40,88
Ilse,Lowry,4,23
Madeleine,Jagir,1.65,45
Linzy,Bonilla,2.88,86
Rivalee,Sinegold,4,87
Yetty,Ries,2.76,86
Lacie,Maribeth,4,37
Madelle,Hunfredo,4.00,25
Tilly,Myrilla,2.47,46
Jolyn,Eckblad,2.14,76
Yvonne,Gerge,3.22,42
Lelah,Euridice,2.82,64
Rhea,Velick,1.69,25
Jacenta,Persse,3.42,90
Paule,Gombach,3.60,26
Winny,Hurley,4,57
Adele,Henebry,2.96,67
Lilith,Lemuela,2.69,80
Violet,Maryanne,1.93,80
Fred,Lilas,2.51,45
Caritta,Dunkin,4,80
Rosene,Gert,4,76
Ashlee,Kalinda,3.26,22
Fredericka,Diann,1.99,91
Ulrike,Gale,3.94,35
Quintina,Gaulin,2.22,24
Tani,Mich,1.93,44
Corry,Kalinda,4,80
Sibella,Astra,2.54,65
Nanete,Tufts,1.44,34
Tarra,Belldas,4,47
Jerry,Ferrell,1.12,43
Genovera,Penelopa,4,19
Lorne,Trey,3.98,67
Therine,Orlene,4,49
Cindelyn,Buffum,2.42,91
Oona,Etom,4,40
Dyann,Andrel,1.28,25
Henriette,Forrer,1.80,28
Cherilyn,Kauppi,2.80,52
Trixi,Miru,4,38
Tami,Weitman,4,55
Angelique,Maxi,3.39,90
Nikki,Clywd,4,71
Laurene,Hunfredo,3.20,23
Jolyn,Hirsch,3.50,75
Clementine,Iaverne,1.99,86
Silvana,Bartlett,1.10,91
Deedee,Bivins,3.96,78
Devina,Euridice,3.82,88
Jackie,Rosemary,4,66
Ricky,Garbe,4,54
Elora,Dunkin,2.89,71
Charmaine,Cyrie,1.05,75
Mariele,Tremayne,4,95
Wynne,Natica,3.52,58
Michaelina,Thornburg,1.10,53
Cam,Lea,4,62
Lorenza,Koziara,2.32,33
Viki,Faust,4,82
Halette,Magnolia,2.31,70
Donetta,Kauppi,3.28,82
Meg,Martguerita,2.76,97
Lindie,Millda,2.34,38
Gratia,Guthrie,4,54
Christal,Daveta,1.70,34
Yvonne,Stilwell,4,55
Deirdre,Salvidor,3.79,90
Ginnie,Philipp,4,66
Jeanna,Redmond,1.54,22
Daune,Birdella,1.18,80
Chrystel,Warthman,4,81
Violet,Ajay,2.57,92
Dagmar,Gwenore,1.77,21
Kimmy,Dosia,4,82
Fernande,Valoniah,2.97,70
Clementine,Knowling,3.71,95
Linzy,Kronfeld,4,97
Ida,Angelis,4,33
Cassondra,Tarrant,4,94
Dania,Sisile,2.61,47
Maridel,Anestassia,4,59
Bernardine,Milson,4,80
Katharina,Faust,1.50,37
Trudie,Adrienne,1.14,74
Concettina,Catie,4,90
Kary,Bronk,1.59,20
Carol-Jean,Telfer,1.87,57
Renie,Jacinda,4,97
Clary,Zachary,4,85
Daphne,Durante,3.43,52
Talya,Tice,2.97,48
Cordi,Albertine,2.53,77
Zondra,Macey,1.72,40
Brianna,Cynar,1.34,77
Karolina,Luhe,3.06,86
Heddie,Heidt,4.00,69
Fina,Phaidra,3.51,31
Betta,Rosalba,4,79
Babita,Ahab,2.58,44
Morganica,Nicoline,4.00,67
Mamie,Sophronia,4,24
Ardeen,Sothena,4,58
Estell,Hazlett,1.87,40
Nickie,Kevon,2.64,42
Viki,Izaak,1.76,36
Dianemarie,Olympium,2.61,89
Corry,Saree,3.57,52
Jobi,Aldric,3.48,24
Jemie,Anderea,4,62
Fayre,Stelle,2.35,91
Margette,Delila,1.69,20
Caritta,Zachary,2.26,24
Gale,Daegal,2.08,20
Mathilda,Waite,2.88,48
Hyacinthe,Hartnett,1.41,49
Bobinette,Rosemary,1.60,42
Kittie,Jary,3.06,75
Kimmy,Wenoa,3.90,19
Bill,Darrell,4,34
Ernesta,Gower,1.70,43
Kaia,Garrison,4,83
Fawne,Tacye,1.90,86
Feliza,Hortensia,3.84,92
Alameda,Pulsifer,3.57,31
Liana,Baudin,4,51
Codie,Destinee,4,89
Dolli,Seumas,4,54
Silvana,Infield,2.76,34
Loree,Chinua,3.49,76
Alisha,Bord,3.23,76
Carolina,Brenn,4,70
Michaelina,Lissi,2.41,58
Leona,Constancy,4,66
Dyann,Sholley,1.75,39
Mary,Alwin,1.28,25
Christy,Fosque,4,76
Marylou,Clarissa,2.98,96
Suzette,Maribeth,4,49
Elise,Marden,3.54,82
Kristan,Gillan,4,35
Dyann,Pip,1.80,64
Tonia,Si,1.21,91
Nelle,Infield,3.62,80
Pearline,Ursulette,2.28,27
Charmaine,Turne,1.50,79
Alleen,Garek,4,40
Gabriellia,Vivle,3.09,47
Justinn,Anton,2.72,88
Tatiania,O'Rourke,2.72,67
Rubie,Alfons,1.14,97
Edith,Albertine,4,76
Judy,Lorenz,4,91
Gerrie,Esmaria,1.78,40
Linet,Pyle,3.62,79
Alie,Fleeta,2.64,25
Wanda,Ahab,3.49,79
Clarice,Creamer,3.25,94
Bibby,Emerson,1.33,59
Eadie,Keelia,1.01,83
Misha,Mich,4,39
Mahalia,Orlene,3.52,42
Annice,Nahum,1.16,32
Phedra,Trace,3.78,76
Janenna,Burkle,4,78
Nickie,Ramona,2.47,85
Donnie,Urias,3.15,34
Neila,Rolf,2.31,80
Basia,Forrer,4,69
Juliane,Gilmour,3.66,59
Thalia,Iiette,4,32
Alie,Kosey,2.57,45
Susette,Ehrman,1.55,50
Halette,Helfand,1.94,66
Rivalee,Nance,2.58,77
Stephanie,Martguerita,2.69,56
Benita,Greenwald,4.00,27
Daphne,Shields,4,77
Dacia,Constancy,3.20,85
Nadine,Sallyann,1.74,90
Angela,Berriman,4,54
Georgetta,Earlie,2.00,67
Catharine,Selway,3.50,18
Yetty,Toffic,1.83,56
Diena,Janene,4,51
Sibella,Khorma,4,55
Gwenneth,Pyle,2.33,51
Silvana,Jehu,1.85,55
Brietta,Rustice,3.55,32
Rosaline,Konyn,2.44,79
Fredericka,Bollay,3.48,21
Linzy,Tound,3.78,36
Leia,Read,4,44
Glynnis,Ursulette,1.83,70
Christian,Earlie,1.64,79
Di,Nedrud,3.42,96
Anica,Stephie,2.41,86
Hope,Saunderson,2.13,57
Regina,Kannry,3.79,61
Hyacinthe,Westphal,3.54,40
Bobbi,Ramona,1.47,68
Thalia,Hedve,1.43,28
Lonnie,Kazimir,2.25,63
Madeleine,Rocray,2.03,36
Ilse,Raama,1.48,46
Odessa,Hilbert,1.13,27
Lolita,Oscar,2.93,59
Sandie,Francene,1.24,76
Babita,Cohdwell,4,97
Emelina,Narton,2.98,37
Deane,Casimir,2.92,93
Lily,Mandler,2.85,43
Inga,Lipson,4,69
Ricky,Barney,2.90,55
Selma,Cynar,1.18,59
Addia,Darrell,3.82,47
Alexine,Alexandr,1.61,29
Elfreda,Kalinda,2.65,63
Cristine,Fleeta,1.91,46
Audrie,Elbertina,4,24
Mireielle,Yerkovich,3.42,74
Yvonne,Mata,1.06,28
Aurore,Greyson,3.58,43
Celestyna,Ax,3.57,31
Aurelie,Hertzfeld,4,86
Rosabelle,Jerold,4,75
Moyna,Bashemeth,2.33,68
Gloria,Chauncey,3.52,23
Gwyneth,Duwalt,1.30,30
Sybille,Joni,2.37,69
Cacilie,Bendick,4,76
Cristabel,Sidonius,2.05,55
Jorry,Madelene,2.26,85
Lila,Jammal,2.44,58
Lucille,Myrilla,3.26,71
Dyann,Sandye,3.53,52
Valeda,Destinee,1.25,45
Alexine,Sancho,4,53
Claresta,Lorain,2.36,79
Caritta,Gaal,4,59
Melina,Linskey,1.93,48
Charmaine,Loring,2.81,68
Allis,Urania,4,44
Ana,McCutcheon,3.88,82
Rivalee,Greenwald,1.07,55
Myriam,Croix,1.34,55
Bertine,Ophelia,2.05,49
Nikki,Seligman,3.12,43
Steffane,Yuille,3.52,39
Starla,Abbot,3.71,81
Modestia,Killigrew,1.82,25
Sabina,Birdella,1.70,93
Sissy,Pozzy,3.62,71
Andeee,Tybald,3.49,74
Eugine,Hilbert,1.96,61
Brandise,Rad,3.89,57
Annora,Alfons,4,56
Roxane,Matthew,3.15,73
Trudie,Bates,4,23
Sadie,Allare,1.39,52
Merry,Adore,1.02,96
Sindee,Zetta,3.54,86
Alameda,Bonilla,4,22
Eadie,Anyah,3.75,67
Violet,Fillbert,3.03,32
Feliza,Gale,2.45,67
Madeleine,Timon,3.56,93
Paule,Tatianas,2.04,34
Julieta,Oneida,2.19,70
Jasmina,Maryanne,4,23
Chastity,Lymann,1.41,34
Therine,Sisile,4,61
Tracey,Lane,4,64
Deirdre,Gusella,2.60,75
Olwen,Liebermann,2.59,69
Doro,Felecia,1.56,82
Alexine,Arvo,4,76
Latisha,Fadiman,1.22,82
Lory,Knowling,3.92,73
Frieda,Cecile,3.44,94
Kaia,Dulciana,3.44,60
Donetta,Sholley,1.22,19
Minne,Narton,1.69,50
Roslyn,Olnee,2.49,90
Esmeralda,McNully,3.70,51
Morganica,Calhoun,4,89
Ebonee,Barrus,2.52,95
Ann-Marie,Mehalek,2.89,59
Emylee,Brackely,4.00,37
Petronia,Hylan,3.60,64
Penelopa,Durware,1.36,68
Jere,Maisey,4,34
Ayn,Krystle,4,87
Lanna,Pascia,3.12,97
Leanna,Bendick,2.14,32
Diena,Gemini,4,20
Jorry,Greyson,1.78,83
Penelopa,Ammann,2.63,65
Mireielle,Hollingsworth,3.65,88
Leanna,Nedrud,3.74,91
Sophia,Elo,4,67
Ericka,Rillings,2.95,26
Eugine,Ambrosia,2.54,84
Marita,Ingra,4,96
Silvana,Hamil,3.60,31
Jolyn,Maisey,1.50,19
Antonietta,Sekofski,1.39,34
Lila,Truc,2.03,49
Dania,Israeli,4,72
Lynea,Bryna,2.88,73
Arabel,Hutchison,4,82
Clarice,Girardo,4,30
Vinita,Baudin,1.65,34
Leia,Beniamino,3.54,68
Deedee,Lynn,2.84,65
Tiffie,Delila,2.38,37
Stacey,Madaih,3.07,86
Sam,Whiffen,1.78,70
Elena,Aida,1.34,61
Willetta,Trace,1.90,92
Carmencita,Tound,3.80,67
Sashenka,Ardeha,1.01,47
Mureil,Gibbeon,1.87,90
Melisent,Merell,3.63,22
Mathilda,Koehler,3.46,90
Ericka,McLaughlin,3.79,30
Frieda,Brian,1.66,96
Sindee,Markman,4,47
Fawne,Dimitris,1.45,22
Pierette,Dawkins,1.51,32
Rivalee,Gemini,1.22,60
Nadine,Bethany,4,32
Tobe,Alisia,2.98,83
Gavrielle,Hashim,4,25
Consuela,Letsou,4,77
Joelly,Gino,1.12,94
Goldie,Aaberg,3.62,63
Teddie,Corilla,4,81
Laure,Ogren,2.68,60
Elmira,Evvie,3.36,86
Sarette,Adlare,4,42
Linet,Behre,1.20,97
Angelique,Shaver,4,47
Dulce,Peg,1.79,29
Sonni,Bashemeth,3.44,78
Clary,Caitlin,4,32
Elora,Daegal,1.27,40
Paule,Marcellus,2.12,55
Nariko,Sacken,2.20,76
Hollie,Hollingsworth,4,22
Andeee,Harl,4,55
Jessy,Krystle,3.81,62
Siana,Hertzfeld,1.56,94
Kimmy,Joachim,3.97,31
Eolanda,Ovid,1.56,97
Sean,Azeria,2.41,65
Fayre,Rhu,1.09,53
Penelopa,Goddard,3.60,92
Lexine,Longfellow,4,87
Amelia,Sundin,4,37
Kassey,Poll,4,49
Trixi,Colp,2.45,46
Kellen,Anton,3.98,80
Shell,Travax,4,60
Tera,Ursulette,4,57
Genevra,Othilia,3.36,81
Talya,Milde,3.40,25
Deloria,Bergman,2.59,67
Alex,Quinn,2.40,67
Tierney,Berard,1.03,28
Romona,Carmena,4,81
Nariko,Dosia,2.02,54
Liana,Shaddock,4,35
Rayna,Loring,4,58
Berta,Cimbura,2.10,95
Concettina,Newell,3.50,85
Valera,Darrell,4,55
Farrah,Jacqui,4,71
Fayre,Taam,4,62
Violet,Bow,4,83
Ada,Shields,1.05,89
Gui,Bari,4,63
Valeda,Herrera,4,80
Ofilia,Danby,4,26
Doralynne,Carlson,3.49,67
Karena,Belanger,2.73,95
Aurore,Iphlgenia,1.02,36
Tori,Helfand,4,55
Carly,Mozelle,3.43,55
Merle,Eiser,3.20,87
Krystle,Maisey,2.91,72
Tracey,Gladstone,4,81
Emmey,Kirstin,3.44,57
Jany,Berl,3.89,88
Shauna,Fleeta,2.85,30
Rivalee,Mitzi,2.71,27
Queenie,Pattin,4,46
Carly,Bouchard,2.21,30
Karly,Wadell,2.24,46
Thalia,Knowling,4,94
Bee,Posner,4,70
Leanna,Tamsky,2.73,39
Lynnea,Herrera,1.96,38
Annora,Hermes,3.23,45
Lauryn,Friede,1.76,24
Sindee,Viddah,4,55
Sharai,Lenny,1.63,20
Molli,Cressida,4,18
Elora,Gillan,4,72
Stephanie,Uird,2.52,58
Ebonee,Arathorn,4,55
Alyssa,Stilwell,3.56,72
Gui,McGrody,4,29
Bibby,Erb,4,57
Emilia,Sinegold,2.33,29
Aryn,Joachim,4,41
Ivett,Si,4,43
Myriam,Schenck,3.97,78
Maud,Loring,1.23,84
Gilda,Dorothy,1.78,78
Ellette,Schonfeld,1.88,77
Gavrielle,Loleta,3.68,41
Robinia,Thar,4,56
Elie,Khorma,2.54,36
Kenna,Bertold,4,38
Morganica,Imelida,3.04,18
Tressa,An,4,57
Bobinette,Mandler,1.95,92
Cacilie,Fink,2.92,87
Angela,Verger,2.01,65
Kittie,Bennie,2.62,67
Vere,Reneta,2.37,33
Libbie,Jehu,4,43
Rhea,Soneson,4,62
Margarette,Decato,2.42,79
Frances,Killigrew,2.44,25
Bibby,Zrike,4,96
Sherrie,Yusuk,3.11,21
Devina,Pillsbury,4,91
Shirlee,Girardo,3.47,82
Nessie,Rooney,1.63,81
Brena,Prober,2.79,37
Raquela,Darian,1.12,53
Pollyanna,Autrey,4,45
Wendi,Darian,2.35,45
Elmira,Rosemary,2.16,84
Hollie,Malina,1.44,23
Helsa,Kamaria,4,64
Theodora,Jethro,1.88,94
Lucille,Cassius,3.78,60
Dorthy,Grimbly,4,81
Renie,Yam,1.81,94
Florencia,Taam,3.38,65
Gilligan,Chandler,1.30,46
Agathe,Sabella,1.61,57
Norine,Sabella,4,58
Belinda,Middleton,2.80,29
Karena,Travax,3.04,25
Fayre,Si,1.65,85
Asia,Jefferey,2.94,76
Marsiella,Alice,1.73,68
Patricia,Hashim,2.86,63
Pollyanna,Uird,1.66,97
Tressa,Ambrosia,4,25
Grier,McGrody,3.96,97
Deirdre,Sandye,4,55
Lexine,Ralfston,4,73
Marita,Lia,4,60
Yetty,Tryck,3.72,25
Nonnah,Holtz,2.07,86
Lily,Suzetta,3.77,26
Livvyy,Orelee,2.16,18
Stevana,Kinnard,2.68,35
Verla,Means,1.52,40
Ketti,Beebe,1.19,58
Randa,Bryna,4,72
Leia,Dom,1.38,95
Jordan,Yoko,3.68,48
Eugine,Behre,4,84
Kirbee,Sidonius,3.15,71
Roseline,Simmonds,2.75,62
Nanete,Noam,3.83,90
Annecorinne,Germann,4,30
Nelle,Riva,3.67,79
Almeta,Karna,1.59,19
Fredericka,Himelman,3.92,48
Kimberley,Dosia,3.71,66
Rori,Shelba,4,53
Nickie,Secrest,4,69
Teriann,Woodberry,1.76,56
Suzette,Magnolia,2.19,73
Dagmar,Hubert,2.71,39
Ericka,Dannye,1.58,75
Romona,Macey,2.98,71
Patricia,Hamil,2.45,78
Donetta,Kannry,2.80,76
Lory,Florina,2.77,21
Hettie,Ader,3.64,19
Alie,Waite,4,40
Audrie,Kiyoshi,4,88
Jenda,Mauer,4,25
Gwenneth,Westphal,3.88,70
Dotty,Campball,4,89
Arlena,Winthorpe,3.01,56
Lizzie,Viddah,1.76,20
Quintina,Lanita,4,46
Jinny,Gilbertson,2.08,73
Tilly,Greenwald,4,57
Genevra,Viddah,4,48
Audrie,Monaco,1.89,30
Reeba,Radu,1.22,54
Fidelia,Schalles,3.94,25
Kayla,Latini,4,63
Dode,Berard,3.84,60
Celene,Bebe,2.35,40
Blinni,Waite,2.26,92
Phedra,Margarete,4,73
Cathie,Kare,1.16,24
Flo,Ricarda,4,35
Binny,Fredi,3.78,44
Lizzie,Shirberg,2.50,92
Ernesta,Philipp,2.53,87
Leontine,Sholley,2.05,94
Tybie,Fabiola,1.74,88
Allis,Glenden,2.51,97
Steffane,Billye,4,59
Shel,Berard,3.83,69
Adore,Hachmin,3.83,59
Ingrid,Matthew,3.82,28
Peri,Joli,4,60
Albertina,Si,3.37,32
Mady,Sheng,4,80
Karina,Olnee,4,69
Hyacinthe,Ezar,2.83,44
Dorothy,Astra,2.58,76
Wendi,Judye,3.37,89
Deirdre,Martguerita,4,66
Celestyna,Stoller,1.87,46
Gloria,Vary,4,89
Joceline,Gamaliel,3.16,86
Debee,Bashemeth,2.57,32
Luci,Orelee,3.09,92
Charmaine,Gert,3.08,89
Lulita,Drus,4,90
Hollie,Girardo,1.48,26
Farrah,Means,4,18
Doro,Lissi,3.44,25
Neila,Buttaro,2.40,43
Bernie,Solitta,2.36,92
Jillayne,Goth,4,86
Codie,Kathie,1.50,88
Antonietta,Alwin,4,82
Trudie,Vacuva,1.27,40
Verla,Knowling,2.02,91
Jsandye,Bigner,1.79,93
Linzy,Ventre,1.20,81
Tori,Federica,3.86,47
Kimmy,Judye,3.61,44
Bibby,Celestine,1.31,82
Teriann,Baptlsta,1.89,77
Bobinette,Erminia,3.87,42
Marcelline,Stover,3.96,88
Fina,Jorgan,2.30,53
Fina,McNully,4,62
Stevana,Carleen,3.34,77
Lilith,Cornelia,3.77,22
Lenna,Damarra,2.37,51
Melisent,Earlie,1.27,25
Debee,Bevin,4,50
Kaja,Blisse,4,79
Sean,Ferrell,3.90,29
Shaine,Joseph,2.54,33
Frances,Dash,2.08,57
Patricia,Yoko,1.44,21
Janis,Delp,4,18
Ivett,Kronfeld,1.50,87
Heida,Cimbura,2.95,85
Lenna,Wind,4,79
Pierette,Pettiford,3.10,80
Fina,Abram,2.92,53
Tamqrah,Boycey,2.05,62
Caressa,Vastah,4,59
Alyda,Cloris,1.39,68
Verla,Kirbee,3.18,90
Gabriellia,Millda,2.68,38
Lynea,Stav,3.00,79
Nariko,Scammon,1.41,70
Minne,Robertson,3.20,70
Brietta,Kazimir,1.64,28
Hettie,Deny,2.41,49
Gui,Leonard,3.07,73
Lacie,Ahab,4,95
Laurene,Uird,2.99,83
Andree,Stilwell,3.28,70
Lynea,Read,1.87,40
Peri,Lauraine,4,80
Daphne,Poll,4,67
Peri,Pauly,4,83
Andree,Othilia,2.08,42
Aubrie,Joni,1.95,27
Katleen,Harday,4,50
Wynne,Gino,1.32,36
Fayre,Toor,3.29,58
Eugine,Raul,1.71,41
Helsa,Meli,1.20,25
Paola,Buckler,3.09,47
Ardeen,Cimbura,1.61,36
Dari,Kare,3.00,51
Kayla,Rona,3.96,34
Betta,Pyle,2.43,65
Paulita,Dearborn,3.40,95
Valeda,Melan,2.48,87
Fernande,Nickola,4,51
Alyssa,Kiersten,3.95,35
Tera,Anestassia,2.28,78
Concettina,Autrey,2.42,22
Lynnea,Avi,1.02,59
Molli,Brittani,2.29,67
Yolane,Wooster,3.17,88
Kristina,Naashom,3.76,35
Blake,Lunsford,1.20,35
Blinni,Fontana,1.69,22
Ingrid,Dalli,4,96
Olivette,Lymann,3.39,66
Emilia,Virgin,2.06,47
Tami,Malanie,2.60,75
Ayn,Marlie,4,40
Darlleen,Peonir,4,49
Elfreda,Adore,4,94
Bertine,Daniele,4,23
Joy,Heidt,3.98,62
Evaleen,Poll,1.37,22
Shandie,Boycey,3.43,85
Coral,Agle,4,86
Abbie,LaRue,2.54,42
Corene,Klotz,4,85
Elise,Alva,1.28,97
Cherilyn,Bouchard,1.42,68
Jessy,Riva,4,69
Dolli,Blisse,3.47,75
Lonnie,Allare,1.80,69
Cecile,Croix,4,38
Berta,Sigfrid,3.47,59
Celestyna,Verger,1.53,21
Fredericka,Bevin,4,67
Carmencita,Amadas,1.53,60
Joane,Chaing,3.31,84
Calla,Kathie,4,50
Doro,Dudley,4,59
Stephanie,Love,1.50,86
Ileana,Ethban,3.31,34
Krystle,Urias,2.82,75
Tatiania,Claudine,4,58
Anestassia,Brackely,3.50,45
Lynea,Docilla,3.54,30
Tomasina,Burkle,3.81,46
Arabel,Bonucci,1.77,95
Trudie,Sheedy,2.78,25
Nyssa,Corrine,3.00,67
Teriann,Winthorpe,1.50,93
Emelina,Yusuk,2.28,53
Celisse,Marsden,3.13,27
Bee,Bergman,2.44,94
Justinn,Lanita,1.30,59
Jemie,Durante,3.26,33
Ericka,Dorine,3.21,25
Myriam,Blisse,4,21
Valli,Shaddock,1.88,53
Ariela,Corilla,4,65
Lesly,Rozanna,2.75,25
Glynnis,Magnolia,4,96
Yvonne,Hepsibah,3.70,22
Alisha,Howlyn,2.13,67
Edith,Helfand,1.60,40
Althea,Bivins,4,65
Keelia,Annabella,1.73,90
Heddie,Ephrem,2.65,65
Sam,Yoko,2.14,31
Diena,Olin,3.35,76
Alie,Shields,4,58
Linzy,Haymes,3.23,68
Fredericka,Bach,2.15,21
Kellen,Hurley,3.81,40
Gabi,Annabella,4,76
Marjie,Kat,1.93,34
Sissy,Fulmer,2.91,57
Gisela,Aldric,2.82,50
Joane,Ingra,2.86,23
Beth,Whiffen,4,41
Winny,Desai,2.27,54
Etta,Christal,4,36
Kore,Blisse,2.72,30
Linzy,Ezar,1.94,74
Dominga,Infield,1.21,60
Jasmina,Kaete,4,48
Sonni,Paton,2.28,88
Daryl,Kirbee,3.14,74
Fanchon,Knowling,2.33,30
Frieda,Merna,4,77
Wileen,Narton,4,77
Molli,Shuler,1.20,22
Aaren,Philoo,1.10,71
Mariele,Cimbura,3.31,67
Celene,Urania,3.25,68
Minda,Philipp,2.89,59
Joleen,Pattin,4,26
Modestia,Mathilde,1.34,58
Nelle,Nisbet,1.70,67
Bertine,Philoo,3.30,21
Merry,Kaete,1.32,37
Cristine,Izaak,3.18,77
Wendi,Granoff,2.97,71
Bill,Ehrman,3.68,76
Alex,Dowski,3.95,33
Bee,Kristi,2.35,82
Linet,Honoria,3.22,33
Carlie,Norvol,4,43
Doro,Hamil,1.99,26
Anica,Allina,2.09,61
Nicoli,Honoria,1.05,85
Sandie,Zenas,4,54
Gaylene,Love,4,23
Joceline,Angelis,4,36
Vevay,Darbie,2.73,91
Bibby,Serilda,3.33,20
Agnese,Oscar,4,28
Lulita,Garek,2.95,97
Lynea,Emanuel,3.75,67
Aimil,Rubie,1.47,23
Amelia,Burnside,4,70
Bettine,Joseph,4,27
Ira,Carbo,4,96
Hayley,Byrne,1.28,49
Gabriellia,Birdella,1.95,56
Catharine,Terencio,1.02,63
Jere,Annice,4,33
Allyce,Delacourt,4,85
Keelia,Bethany,2.60,67
Nerta,Braun,4,97
Sean,Myrilla,3.45,75
Ebonee,Allina,3.85,28
Deirdre,Schenck,3.35,97
Bee,Raimondo,1.86,90
Madalyn,Tamar,4,75
Kerrin,Louanna,3.50,96
Lita,Howlyn,2.92,52
Jeanna,Hessler,1.90,42
Annora,Woodberry,3.55,78
Rochette,Docilla,1.53,56
Dulce,Kosey,3.99,73
Basia,Hourigan,1.23,22
Damaris,Chapland,1.42,89
Amalie,Freddi,4,86
Judy,Linehan,4,91
Priscilla,Tayib,4,58
Dagmar,Leopold,4,88
Allis,Vilma,1.61,42
Andree,Bluh,4,94
Angelique,Ellord,1.15,72
Flory,Selway,2.43,88
Sindee,Wallis,1.61,29
Adore,Rustice,4,24
Susette,Haldas,4,19
Alia,Guildroy,2.71,37
Arabel,Vary,1.74,19
Carilyn,Daegal,2.54,32
Pearline,Callista,2.71,59
Mara,Roumell,2.90,87
Eadie,Bivins,3.96,23
Misha,Monaco,2.59,72
Johna,Christine,3.10,49
Sallie,Adalbert,4,65
Calla,Gamaliel,3.27,63
Hannis,Arley,2.17,77
Ada,Eno,2.82,72
Leanna,Zaslow,3.79,41
Sara-Ann,Teddman,3.41,50
Rani,Rubie,4,70
Angela,Johnsson,3.96,47
Marline,Cohdwell,3.41,68
Nessie,Chick,3.41,47
Lynnea,Zamora,3.64,91
Melodie,Erich,1.38,52
Belinda,Douglass,2.11,91
Devina,Hutchison,3.55,51
Tersina,Smitt,1.28,22
Rani,Janith,4,81
Konstance,Travax,3.59,31
Trudie,Phyllis,3.65,38
Delilah,Buttaro,3.27,51
Zsa Zsa,Cassius,1.82,28
Micheline,McCutcheon,3.78,78
Cristabel,Gunn,4,27
Karolina,Dudley,3.83,67
Ira,Yam,3.78,51
Aeriela,Trinetta,3.24,72
Angelique,Imelida,4,81
Mady,Tice,4.00,79
Cathyleen,Rese,4,76
Morganica,Hubert,1.16,34
Annice,Ursulette,1.60,81
Gavrielle,Pearse,2.15,84
Addia,Mitzi,2.53,46
Quintina,Ries,2.91,69
Glenda,Klemperer,4,41
Mathilda,Nea,2.22,91
Christy,Arley,4,91
Chere,Teryn,1.69,66
Doralynne,Eno,2.08,31
Belinda,Dulciana,2.13,35
Mathilda,Ader,4,27
Esmeralda,Georas,1.29,69
Phedra,Cath,4,91
Jillayne,Ambrosia,2.75,24
Claresta,Ailyn,3.99,42
Lindie,Kauppi,3.28,26
Kathi,Pulsifer,1.99,55
Hannis,Raychel,1.53,42
Willetta,Suzetta,3.36,41
Tani,Colyer,4,83
Shirlee,Niles,4,35
Tatiania,Bettine,4,90
Quintina,Vale,2.58,30
Kore,Ricarda,3.63,70
Veda,Cressida,3.69,27
Lacie,Kristi,1.40,18
Kerrin,Jorgan,3.17,48
Konstance,Michella,2.86,75
Lexine,Herrera,1.54,56
Mahalia,Toor,2.51,49
Merle,Lacombe,3.76,31
Dawn,Nore,4,57
Amii,Rooney,1.86,21
Maridel,Margret,1.86,54
Dyann,Rosette,3.45,43
Ulrike,Hilbert,2.32,44
Annora,Mandler,4,59
Georgina,Larochelle,3.30,32
Ileana,Thomasina,1.74,67
Nollie,Ochs,2.54,18
Anallese,Erich,3.52,41
Corina,Myrilla,4,32
Raf,Lubin,2.07,94
Sheree,Hamil,1.25,93
Halette,Erich,1.85,50
Janis,Ashely,1.04,91
Adriana,Meli,3.87,35
Jennica,Eldrid,2.74,40
Nyssa,Cavan,4,18
Lizzie,Moseley,1.70,88
Hollie,McLaughlin,1.10,77
Chrystel,Eliathas,3.29,68
Alie,Natica,3.58,45
Giustina,Buffum,3.51,81
Vinita,Colleen,4,72
Romona,Jaylene,1.52,96
Shaine,Meter,3.76,25
Paola,Leler,4,66
Chloris,Teddman,3.87,19
Krystle,Callista,4,46
Alyda,Lymann,4,20
Brynna,Clarissa,2.65,61
Ileana,Kravits,1.95,66
Linzy,Zitvaa,1.53,38
Gretal,Leonard,3.87,74
Donetta,Lattie,4,23
Dolli,Shirberg,3.73,49
Caritta,Gert,2.77,94
June,Woodberry,3.11,23
Margette,Chesna,3.05,78
Thalia,Donell,1.53,24
Lanna,Azeria,1.62,27
Ileana,Goddard,2.53,27
Nickie,Tatianas,2.10,59
Ardys,Bow,1.01,39
Shandie,Dowski,2.43,44
Fanchon,Adlare,2.02,75
Kary,Ortrude,2.61,37
Gabi,Olnee,1.41,27
Ira,Wenda,4,54
Joelly,Haymes,4,89
Etta,Valoniah,1.28,85
Dominga,Philipp,2.38,87
Layla,Graig,2.14,35
Renie,Barrus,4,78
Madeleine,Anastatius,3.84,85
Daune,Shanley,3.92,46
Christian,Kristi,2.18,40
Jean,Mata,1.18,92
Ira,Tamsky,3.53,96
Priscilla,Grimbly,2.82,83
Inga,Shirberg,2.87,77
Harmonia,Kauppi,4,80
Joleen,Mehalek,4,36
Taffy,Roche,2.52,48
Joane,Zeeba,4,45
Latisha,Bord,1.65,63
Zaria,Ivens,4,35
Kristina,Winnick,1.54,85
Jorry,Linskey,4,56
Caritta,Ferino,1.69,46
Cissiee,Berard,2.06,75
Britte,Read,3.22,31
Justinn,Ranjiv,2.35,34
Janey,McAdams,1.89,92
Kittie,Odell,1.99,73
Leeanne,Teddman,1.41,69
Stacey,Weaks,2.44,46
Penelopa,Glenden,1.82,92
Joceline,Shields,4,22
Maridel,Emmy,1.52,20
Kara-Lynn,Dudley,2.12,73
Annaliese,Lane,4,96
Deane,Kosey,2.37,20
Camile,Georas,4,95
Carmencita,Virgin,4,80
Shirlee,Ursulette,2.12,69
Damaris,Gahl,3.64,43
Allis,My,1.08,54
Liana,Dahlia,1.23,50
Gavrielle,Laverne,2.19,44
Nannie,Uund,4,46
Lauryn,Ietta,4,58
Elbertina,Weaks,1.80,97
Alyda,Emerson,3.64,72
Anallese,Laverne,4,33
Alex,Ball,1.37,62
Dyann,Weitman,4,39
Beth,Elo,2.91,47
Maryellen,Mata,1.21,26
Caritta,Buckler,4,66
Cordi,Merriott,3.99,32
Jenilee,Brandice,2.48,87
Florencia,Corrine,3.71,80
Madeleine,Ariella,2.68,62
Dianemarie,Gower,3.56,27
Fredericka,Natalia,4,53
Felice,Zitvaa,4,94
Daryl,Serilda,1.17,34
Roseline,Abram,1.20,87
Ekaterina,Kannry,1.32,64
Katleen,Lumbard,3.81,76
Binny,Colbert,3.96,63
Donnie,Buttaro,2.04,52
Briney,Roumell,1.55,36
Ekaterina,Burkle,2.22,46
Blake,Iiette,2.94,53
Lorenza,Tillford,1.31,96
Molli,Latini,4,57
Ada,Lilybelle,4,85
Rochette,Zaslow,3.74,33
Britte,Colleen,4,74
Carlie,Aldric,2.49,55
Trudie,Merna,4,27
Raquela,Giule,1.09,20
Britte,Gaal,1.64,40
Leanna,Howlyn,3.49,66
Lacie,Ortrude,4,46
Kirbee,Dominy,1.87,52
Heida,Stephie,1.74,82
Patricia,Chem,1.34,35
Glynnis,Slifka,2.78,46
Katharina,Bronk,1.82,75
Karly,Shirberg,1.95,58
Ketti,Myrilla,2.34,33
Joane,Madaih,3.19,80
Codie,Celestine,4,32
Lucy,Zola,1.41,71
Emylee,Zitvaa,4,96
Carolina,Wareing,1.50,42
Brooks,Harriman,2.87,24
Charmaine,Daniele,2.68,63
Nonnah,Demitria,2.56,89
Elsie,Germann,4,94
Nikki,Shuler,2.59,51
Lauryn,Berl,2.20,39
Hollie,Merell,3.83,26
Carmela,Lory,3.42,19
Ingrid,Darian,4,64
Loree,Zuzana,4,87
Amalie,Ax,3.48,48
Anthia,Peonir,4,30
Neila,Firmin,3.54,73
Julieta,Toni,3.69,20
Christian,Germann,2.26,79
Allyce,Wadell,2.23,68
Karina,Wildermuth,2.09,54
Charissa,Cullin,1.49,49
Kirbee,Oriana,4,78
Lyssa,Cookie,4,26
Adele,Even,2.05,30
Averyl,Belldas,4,58
Dulcinea,Ezar,2.06,69
Sam,Kaete,3.81,87
Cyndie,Junie,3.67,88
Aurore,Quinn,4,23
Romona,Salchunas,4,55
Justinn,Audly,2.09,40
Dotty,Socha,3.93,84
Jere,Bonucci,1.08,40
Konstance,Jacqui,3.86,26
Leontine,Maxi,3.43,59
Kirstin,Toffic,4,56
Florencia,Odysseus,2.17,59
Catrina,Tyson,1.97,66
Jerry,Socha,2.72,81
Bobinette,Talia,4,53
Donetta,Daveta,3.18,33
Elfreda,Pearse,1.73,71
Jere,Matthew,1.34,67
Laurene,Idelia,4,66
Alejandra,Jess,4,49
Petronia,Melleta,3.61,27
Rhoda,Tillford,1.37,95
Eolanda,Damarra,4,42
Priscilla,Tengdin,1.63,45
Joy,Tybald,3.90,81
Latisha,Prouty,4,26
Laurene,Joeann,3.00,19
Dorice,Moseley,4,29
Di,Norrie,3.15,55
Dennie,Knowling,1.93,50
Cherilyn,Hoenack,2.08,85
Deane,Alejoa,3.61,40
Micheline,Ahab,3.86,38
Leontine,Genna,3.14,60
Korrie,Haldas,3.66,73
Rhoda,Pyle,3.55,48
Arlena,Fosque,1.65,45
Kalina,Kaete,4,51
Dale,Barney,2.72,70
Loree,Harday,1.90,93
Kirbee,Gerge,2.15,75
Lonnie,Imelida,2.40,83
Tabbatha,Telfer,1.76,40
Jorry,Annice,2.79,48
Petronia,Wolfgram,4,45
Barbara,Carvey,3.20,91
Jillayne,My,4,37
Blake,Merriott,3.35,62
Danika,Lytton,2.75,70
Ebonee,Carmena,4,75
Kenna,Abbot,4,75
Nananne,Percy,1.04,71
Ardys,Uird,4,94
Consuela,Read,3.66,24
Jacenta,Gabrielli,4,45
Marleah,Scammon,1.44,29
Cristabel,Verger,1.70,31
Max,Seumas,2.33,36
Benita,Merell,3.21,28
Neila,Doig,3.58,77
Jolyn,Thad,2.49,31
Andeee,Stefa,4,94
Maud,Jethro,3.79,67
Marsiella,Suzetta,1.47,46
Lyssa,Buckler,2.63,19
Vanessa,Tamsky,3.68,67
Vevay,Irmine,2.63,97
Madeleine,Gaal,1.05,67
Petronia,Joachim,1.39,57
Jolyn,Ball,4,18
Rubie,Sibyls,1.03,73
Gerrie,Saree,3.40,83
Paule,Lamoree,1.67,42
Olivette,Kiyoshi,4,90
Mureil,Constancy,4,53
Dorice,Cressida,3.97,58
Sindee,Grimbly,1.54,78
Lesly,Sibyls,2.95,88
Alyssa,Fleeta,3.64,66
Elie,Leler,1.32,52
Jaime,Francene,1.33,82
Dotty,Cleavland,2.65,49
Tarra,Berl,1.10,23
Carilyn,Ehrman,1.65,55
Silvana,Juliet,4,73
Heida,Morrill,2.33,54
Corina,Blake,4,32
Sibella,Dorine,2.42,79
Desirae,Kussell,2.88,65
Cherrita,Munn,2.22,71
Rosabelle,Cosenza,3.60,86
Vevay,Neva,4,33
Perry,Prober,2.36,37
Andeee,Weitman,2.33,91
Ardys,Lalitta,4,79
Deane,Mandler,4,63
Bertine,Harday,3.86,41
Tamqrah,Whiffen,2.22,54
Larine,Jethro,2.44,57
Chastity,Hull,3.80,81
Rochette,Granoff,3.59,60
Tersina,Sothena,1.10,95
Odessa,Chick,1.41,39
Harrietta,Alrich,1.69,43
Kamilah,Podvin,3.27,95
Sadie,Leifeste,3.41,89
Shaine,Zina,3.62,21
Bee,Kelula,1.83,26
Camile,Moina,1.91,32
Raf,Standing,2.51,70
Eolanda,Socha,3.30,93
Bobinette,Lymann,4,78
Briney,Myrilla,2.19,43
Libbie,Palocz,2.67,27
Ethel,Elsinore,3.98,71
Lynnea,Penelopa,4,55
Melodie,Hylan,3.95,59
Aigneis,Hurley,2.19,89
Mahalia,Fennessy,1.89,86
Lory,Durware,1.32,40
Chloris,Rogerio,3.00,50
Alisha,Telfer,2.14,71
Sabina,Weaks,1.73,28
Rosene,Dermott,3.08,77
Adore,Eiser,1.01,94
Fayre,Shields,2.46,41
Oralee,Kat,2.57,32
Bettine,Ethban,3.64,27
Emma,Vins,4,78
Sallie,Alarise,4,75
Linet,Myrilla,3.31,65
Jackie,Melony,4,62
Nicoli,Rocray,4,56
Brynna,Berne,3.05,51
Nerta,Tomasina,2.27,39
Hollie,Sisile,1.09,79
Natka,Shuler,2.12,68
Moyna,Jary,1.02,61
Tarra,Vorster,1.60,91
Marsiella,Dominy,2.78,88
Roseline,Stuart,3.99,93
Courtnay,Zetta,2.94,35
Elise,Alwin,2.64,53
Nannie,Munn,4,83
Joane,Gherardo,2.21,82
Marsiella,Horan,2.67,78
Minda,Bebe,4,47
Celisse,Seessel,3.72,22
Joy,Ventre,3.88,52
Cathyleen,Bord,1.98,35
Letizia,Longfellow,4,43
Jenilee,Levey,2.94,68
Clementine,Merat,1.59,39
Kelly,Weaks,3.79,42
Jasmina,Thomasina,1.81,70
Alyda,Norvol,3.49,95
Magdalena,Levey,2.08,57
Marcy,Flita,2.21,44
Yetty,Myrilla,4,26
Tani,Faso,1.91,48
Vinita,Iaverne,3.64,47
Glenda,Bow,2.42,76
Celene,Darbie,2.25,29
Ileana,Shanley,4,39
Charlena,Emerson,2.60,97
Tori,Kenney,3.87,32
Beverley,Marijo,1.23,31
Lucille,Danby,2.21,57
Tiffie,Briney,4,93
Joane,Nicoline,2.13,18
Tani,Shirberg,3.88,86
Clary,Kress,1.56,85
Molli,Dituri,2.22,30
Letizia,Anton,1.76,88
Hettie,Kravits,4,49
Jean,Obed,4,55
Dulce,Burkle,4,50
Hannis,Ambrosia,3.36,62
Queenie,Trace,4,24
Kristina,Cassius,4,76
Nerta,Niles,3.28,77
Celestyna,Kirstin,2.35,29
Eolanda,Rudolph,3.47,78
Leona,Madaih,1.29,67
Sandie,Idelia,4,78
Cam,Etom,2.53,50
Aurore,Vins,4,89
Selma,Saunderson,3.28,41
Annice,Maiah,4,95
Jan,Olnee,2.76,26
Cherrita,Tound,1.88,88
Joleen,Ventre,4,87
Averyl,Alarise,3.47,63
Alisha,Neils,2.50,70
Basia,Eugenia,4,18
Rebeca,Munn,3.67,48
Layla,Calhoun,2.31,24
Emylee,Jess,3.39,48
Karina,Bluh,4,25
Dyann,Michella,2.23,88
Deloria,Ferino,2.25,87
Netty,Talia,2.01,52
Lenna,Darbie,4,71
Willetta,Rhu,4,23
Cordi,Zachary,1.21,28
Karly,Kevon,3.58,74
Shannah,Stefa,4,29
Rhea,Raama,3.83,19
Amara,Chobot,4,73
Harrietta,Kannry,2.88,63
Rubie,Glovsky,2.19,44
Yolane,Salchunas,2.23,26
Diena,Edmund,2.26,33
Isa,Beniamino,1.86,28
Kimberley,Gavrila,1.81,60
Shel,Zola,1.28,72
Lizzie,Libna,2.36,95
Sandie,Francene,2.60,85
Pearline,Munn,3.16,88
Nelle,Nore,2.27,83
Emma,Milson,3.02,58
Nadine,Warthman,2.32,36
Evita,Grayce,1.20,34
Zsa Zsa,Hachmin,1.47,26
Zondra,Kress,3.64,31
Damaris,Sheedy,2.74,78
Phylis,Jehu,2.42,85
Ana,McClimans,1.50,79
Lila,Camden,2.90,78
Maridel,Corrine,1.95,97
Robbi,Cullin,2.03,54
Ginnie,Blisse,3.48,72
Christy,Buckler,2.95,38
Cecile,Pond,1.87,46
Lila,Paine,2.97,49
Gabriellia,Jerold,3.11,58
Tina,Konyn,2.26,41
Fidelia,Arathorn,2.39,31
Ginnie,Albertine,2.59,33
Gavrielle,Carmena,2.96,57
Elie,Elisha,1.59,93
Dorene,Justinn,3.53,91
Penelopa,McAdams,3.99,73
Christian,Lubin,3.12,23
Marjie,Bendick,3.72,92
Lizzie,Terencio,4,51
Ezmeralda,Kaja,3.09,87
Ebonee,Dunkin,3.67,72
Adelle,Johnsson,1.27,49
Carmela,Wilona,1.12,88
Dagmar,Vastah,4,37
Bettine,Kosey,3.98,86
Jennica,Jillane,4,18
Jobi,Monk,3.66,18
Deane,Zuzana,3.71,53
Yetty,Natica,4,31
Shauna,Eben,3.04,83
Nessie,Reinke,4,44
Drucie,Emanuel,3.22,62
Layla,Connelly,2.24,65
Malina,Durante,3.45,47
Robinia,Helfand,4,87
Celene,Warthman,3.83,92
Elfreda,Felecia,1.91,70
Raquela,Janene,2.96,25
Babita,Remmer,4,21
Hannis,Wilona,1.12,54
Berget,Fillbert,3.97,61
Celestyna,Yorick,4,52
Bibby,Merat,1.76,61
Renie,Natalia,2.46,72
Gwenneth,Swanhildas,3.96,93
Althea,Adore,2.85,82
Jany,Grimbly,2.75,34
Tilly,Obed,1.47,33
Aili,Karna,1.06,81
Lexine,Idelia,4,56
Carly,Waldron,1.59,26
Katuscha,Gavrila,1.86,84
Sashenka,Bohlin,3.59,61
Dania,Bashemeth,2.83,65
Elbertina,Meli,4,21
Gale,Wenda,4,91
Hermione,Oster,4,46
Grier,Connelly,1.32,92
Marline,Sprage,2.57,93
Vevay,Dalli,4,27
Shandie,Nisbet,1.59,40
Liana,Macey,2.61,19
Kalina,Andrel,2.30,21
Mahalia,Roche,4,75
Tori,Natalia,4,23
Orelia,Darbie,4,80
Kary,Mauer,1.14,93
Cacilie,Raul,2.96,88
Pamella,Lay,4,39
Trudie,Georgy,3.64,79
Grier,Gemini,2.91,73
Edee,Chaing,4,74
Janey,Concha,3.66,63
Collen,Chaing,3.96,18
Sidoney,Shanley,1.05,65
Donnie,Horan,1.76,89
Lita,Wooster,3.72,35
Sam,Read,3.75,76
Nicoli,Harriman,4,35
Alia,Carmena,2.98,29
Cam,Loring,2.18,83
Debee,Wyn,3.89,57
Sean,Dermott,2.61,85
Mahalia,Lenny,2.47,31
Shell,Dunkin,4,22
Brynna,Leler,4,87
Mureil,Rosalba,1.94,28
Caressa,Candy,1.07,92
Sheree,Kunin,4,27
Stacey,Halsey,2.08,84
Inga,Dominy,1.05,93
Ana,Willie,2.18,73
Alex,Suanne,1.76,28
Alameda,Emmy,3.37,51
Gilda,Cottle,1.45,42
Demetris,Ariella,4,69
Katleen,Klotz,3.47,57
Joane,Nester,2.29,81
Sibella,Junie,2.89,30
Jennica,Kunin,4,49
Lanna,Larochelle,3.68,53
Kate,Maroney,1.26,89
Leeanne,Maples,4,28
Catrina,Kare,4,44
Lolita,Michella,3.29,65
Gratia,Schenck,3.54,68
Corene,Artie,4,89
Orsola,Taam,4,90
Lizzie,Ingra,3.61,39
Constance,Genna,4,59
Caryl,Stover,1.09,76
Oona,Nea,2.66,75
Deedee,Adamsen,2.80,79
Kylynn,Sadowski,2.80,48
Daune,Westphal,3.85,79
Mireielle,Dominy,3.59,39
Sissy,Winthorpe,3.91,82
Hope,Blake,1.62,59
Sherrie,Dunkin,2.95,89
Leia,Lowry,2.44,97
Nanete,Septima,2.60,39
Sabina,Astra,1.53,74
Amalie,Baptlsta,3.78,42
Raquela,Amasa,1.51,63
Lelah,Ellerey,2.01,83
Trudie,Corrine,2.43,81
Henriette,Croix,2.81,55
Lisette,Pillsbury,3.85,28
Charmaine,Celestine,1.88,46
Lyssa,Felizio,4,44
Alejandra,Kolnick,2.22,53
Feliza,Arathorn,1.27,51
Dotty,Brian,4,46
Valeda,Mott,3.19,24
Romona,Gombach,3.95,73
Dolli,Casimir,3.40,71
Antonietta,Kirbee,1.76,65
Valli,Donell,4,77
Abbie,Alfons,4,91
Jany,Schenck,3.04,59
Renie,Prober,2.08,83
Carly,Roche,4,38
Desirae,Gaal,1.19,87
Kristan,Malina,3.09,65
Feliza,Sadowski,1.16,21
Lesly,Tryck,4,95
Arlina,Salvidor,4,42
Reeba,Georas,4,88
Alie,Bord,4,52
Renae,Othilia,2.91,80
Agathe,Elisha,4,69
Mignon,O'Neill,4,49
Kerrin,Granoff,2.46,83
Petronia,Septima,2.27,21
Dale,Pandolfi,1.93,83
Dolli,Yate,4,51
Rosabelle,Carmena,4,68
Marnia,Daniele,4,59
Candy,Helve,4,36
Heddie,Bettine,3.31,47
Sophia,My,2.33,62
Joleen,Hazlett,2.84,43
Karolina,Dituri,1.22,49
Sharlene,Desai,4,24
Nannie,Viddah,1.30,85
Isa,Halsey,4,62
Rosaline,Pozzy,4,24
Katharina,Teryn,1.59,27
Ada,Janene,2.14,69
Gilda,Orlene,2.19,58
Carmencita,Mathilde,3.02,75
Jolyn,Argus,3.67,55
Dione,Marlie,1.08,27
Heddie,Corilla,3.56,92
Jenda,Vernier,2.13,21
Kellen,Loleta,2.57,77
Brandise,Love,2.64,69
Ulrike,Ahab,3.32,85
Glenda,Brotherson,3.54,24
Karina,Abram,3.78,47
Correy,Romelda,4,75
Bibby,Kussell,2.11,85
Starla,Craggie,2.36,63
Harmonia,Brenn,4,77
Merrie,Franza,2.95,37
Marcelline,Leonard,3.85,90
Leia,Daniele,1.21,78
Asia,Gilmour,4.00,34
Rivalee,Schonfeld,4,49
Daryl,Thilda,4,32
Madeleine,Holtz,3.37,78
Minne,Swanhildas,4,89
Lauryn,Dunkin,2.22,78
Kassey,Abram,3.91,92
Camile,Hertzfeld,2.87,59
Aaren,Madox,2.37,72
Rori,Euridice,4,63
Dagmar,Bigner,4,42
Sarette,Thunell,2.42,74
Therine,Bevin,4,27
Lory,Edison,2.48,81
Krystle,Pillsbury,4,37
Marjie,Sothena,2.58,20
Isa,Tice,2.22,73
Roslyn,Phaidra,1.34,57
Atlanta,Zrike,4,40
Nyssa,Orlene,1.39,27
Jerry,Uund,2.11,24
Dawn,Johnsson,1.06,86
Marjie,Gavrila,4,96
Frank,Dermott,2.95,71
Asia,Sikorski,2.99,81
Tersina,Paton,2.30,66
Cindelyn,Genna,1.74,27
Clarice,Schroth,4,66
Ruthe,Carleen,1.49,32
Ileana,Guthrie,4,74
Zsa Zsa,Gibbeon,3.15,46
Jolyn,Demitria,1.79,27
Kittie,Germann,4,76
Maridel,Ruvolo,2.34,72
Edyth,Anyah,3.33,78
Hettie,Olympium,4,57
Nelle,Kaja,4,21
Kamilah,Sperling,3.17,20
Elyssa,Bendick,3.77,94
Maridel,Suanne,4,46
Ira,Edvard,2.92,83
Lauryn,Ciro,2.17,48
Devina,Casimir,4,52
Therine,Morgun,2.70,82
Violet,Pierette,1.31,41
Sashenka,Leary,2.49,29
Kristan,Noman,2.52,94
Siana,Serilda,3.82,54
Nyssa,Constancy,1.73,56
Gwyneth,Concha,2.73,25
Emmey,Bahr,4,65
Starla,Oscar,2.32,26
Starla,Zetta,3.18,56
Christy,Kathie,1.82,18
Albertina,Chinua,3.01,40
Janenna,Masao,3.34,49
Feliza,Cosenza,2.01,47
Emylee,Hull,1.52,32
Myriam,Colyer,2.78,53
Courtnay,Atonsah,4,61
Emma,Saint,2.68,18
Marguerite,Wittie,3.39,45
Sarette,Demitria,4,20
Elise,Nore,3.75,71
Lila,Macey,4,89
Tani,Verger,3.61,49
Carree,Concha,1.48,42
Deirdre,An,2.56,81
Elka,Raimondo,2.57,41
Brianna,Hanleigh,2.45,49
Marcelline,Ietta,2.78,83
Zondra,Kaja,4,28
Molli,Celestine,2.82,48
Jan,Kathie,2.93,32
Millie,Georas,3.73,33
Margalo,Alva,2.97,77
Anestassia,Jethro,2.59,64
Eugine,Ardeha,3.26,58
Eadie,Ehrman,4,73
Sheree,Vastah,2.68,43
Hollie,Alexandr,1.55,71
Fidelia,Ezar,1.96,23
Edyth,Ries,4,57
Elyssa,Alexandr,2.35,72
Danika,Carvey,1.05,44
Mureil,Masao,1.66,40
Maryellen,Clie,4,50
Goldie,Curren,3.37,41
Diena,Ferino,2.71,29
Danny,Jacqui,2.45,74
Chandra,Wind,4,66
Ardenia,Allare,1.84,79
Jillayne,Pernick,3.71,42
Peri,Freddi,4,34
Layla,Mathilde,2.06,88
Luci,Nahum,4,96
Annecorinne,Jobi,4,20
Winifred,Sperling,4,87
Sabina,Rebecka,1.25,51
Maud,Fredi,2.91,19
Leontine,Medrek,4,44
Minda,Ader,1.22,65
Clarice,Belanger,2.11,46
Ulrike,Harned,1.05,43
Tani,Liebermann,4,43
Lorenza,Beniamino,4,81
Zaria,Ferrell,3.40,27
Perry,Joni,3.47,25
Lyssa,Calhoun,2.39,50
Chastity,Urias,3.93,46
Belinda,Merriott,3.76,39
Renae,Dorine,1.53,41
Latisha,Harl,1.64,35
Cyb,Lay,4,90
Kamilah,Rudolph,2.43,83
Maurene,Marsden,4,28
Fredericka,Adalbert,1.96,48
Perry,Philipp,4,41
Chastity,Schalles,2.26,56
Beverley,Darbie,2.24,47
Stevana,Reneta,3.99,51
Winny,Levey,3.84,65
Camile,Kosey,3.37,34
Elfreda,Armanda,1.85,62
Edyth,Fiester,4,61
Lilith,Ramona,2.80,58
Katleen,Hortensia,2.89,28
Maryellen,Hachmin,2.74,95
Kary,Merriott,2.34,19
Dulcinea,Afton,2.64,77
Paulita,Constancy,1.39,55
Daphne,Lasley,4,35
Doralynne,Kolnick,3.81,26
Tersina,Edvard,2.93,77
Candy,Maisey,4,87
Cam,Maroney,4,80
Gale,Means,3.48,26
Nyssa,Tamar,4,37
Caryl,Constancy,4,93
Yolane,Abernon,2.17,34
Angela,Cordi,3.50,97
Calla,Clarissa,1.73,30
Ira,Madelene,2.93,68
Pollyanna,Bluh,1.49,52
Marnia,Pulsifer,1.52,52
Aryn,Lewes,3.79,79
Carmela,Daniele,3.44,84
Flory,Breed,3.21,45
Coral,Jeanne,4,56
Marcelline,Garrison,2.13,76
Rhea,Lory,1.33,84
Gretal,Ball,3.92,57
Adelle,Emmy,4,82
Camile,Persse,1.03,75
Charissa,Stephie,1.30,64
Merry,Rese,4,68
Helsa,Wyn,4,75
Winny,Rese,2.99,66
Winny,Tamar,3.98,58
Heida,Hazlett,4,90
Ingrid,Fry,1.08,20
Lizzie,MacIntosh,2.54,57
Mara,Meli,3.93,62
Teddie,McAdams,1.44,18
Aili,Tacye,3.52,74
Karly,Salchunas,1.87,88
Sandie,Carleen,1.37,44
Deloria,Gino,2.66,93
Renae,Faria,1.66,24
Leontine,Kimmie,1.42,59
Jolyn,Turne,4,92
Anthia,Eiser,2.87,76
Modestia,Drus,4,33
Edith,Johanna,4,45
Katuscha,Haldas,3.99,37
Kary,Raychel,2.24,23
Ginnie,Gunn,3.29,86
Brianna,Cohdwell,4,74
Kellen,Bandeen,3.99,72
Lolita,Ries,1.65,96
Ekaterina,Lane,3.14,93
Fayre,Jalbert,3.45,65
Sybille,Kunin,3.28,58
Andree,Revkah,1.69,82
Corene,Lutero,3.11,69
Dorthy,Vale,2.78,95
Constance,Macey,2.94,95
Fina,Jethro,1.09,38
Julieta,Tryck,2.53,70
June,Brandice,1.56,38
Kathi,Nerita,4,22
Melodie,Dulciana,1.74,23
Frances,Wilona,2.91,71
Desirae,Urias,2.58,44
Harrietta,Maribeth,3.81,90
Etta,Carmena,3.69,42
Philis,Tatianas,1.26,80
Jolyn,Linskey,3.12,46
Regina,Huggins,2.95,73
Violet,Lipson,1.01,47
Hayley,Goode,1.38,43
Ekaterina,Monk,2.18,87
Lusa,Nelsen,3.00,31
Paule,Syd,3.42,89
Orelia,Baudin,4,52
Tersina,Dunkin,1.18,38
Nanete,Saunderson,2.32,46
Janis,Rhu,2.11,49
Pierette,Aurelio,3.81,41
Kate,Boehike,1.13,32
Trudie,Lanita,3.67,77
Emmey,Hollingsworth,1.14,50
Josephine,Orpah,4,26
Leontine,Shirberg,1.62,37
Oralee,Loleta,3.63,77
Nariko,Arne,3.18,81
Tracey,Audly,4,18
Elie,Jacqui,4,61
Chickie,Alabaster,2.50,72
Desirae,Madox,1.40,79
Marylou,Yate,4,61
Siana,Kussell,4,46
Britni,Nelsen,4,75
Thalia,Ries,1.02,95
Fernande,Edison,2.16,38
Averyl,Clie,3.85,57
Phedra,Natica,4,73
Dagmar,Pillsbury,4,35
Lucille,Fink,3.36,65
Damaris,Millda,3.79,63
Olivette,Winnick,2.54,95
Agathe,Moseley,2.61,33
Malina,Standing,2.97,87
Corly,Carbo,3.41,21
Laurene,Goth,1.48,73
Aimil,Brieta,3.55,63
Maud,Kermit,1.48,55
Lulita,Marijo,4,20
Moyna,Zola,4,70
Gaylene,Doig,2.32,60
Lynde,Nahum,4,90
Moyna,Zitvaa,4,90
Elena,Imelida,3.32,23
Amara,Wu,3.47,34
Lory,Amand,1.39,82
Lucille,Schonfeld,4,76
Philis,Anestassia,2.18,82
Berget,Bach,2.92,82
Thalia,Soneson,4,89
Vevay,Dearborn,2.48,39
Emmey,Love,4,62
Paulita,Jacobah,1.38,22
Emma,Marcellus,4,28
Genovera,Giule,4,69
Antonietta,Joseph,1.55,44
Darci,Phyllis,3.20,64
Margalo,Shaver,2.43,51
Gretal,Dielu,3.55,80
Jessamyn,Peonir,2.54,88
Doro,Frodi,4,52
Lyssa,Taima,1.82,63
Elsie,Bury,4,96
Nelle,Hourigan,4,45
Jany,Ingra,3.65,45
Kaja,Urias,2.92,46
Mamie,Peti,1.21,81
Cristine,Kenney,4,18
Karly,Sadowski,1.39,90
Josephine,Martguerita,4,91
Cissiee,Lory,3.60,22
Nita,Wattenberg,2.27,32
Vivia,Jobi,1.11,88
Aili,Lowry,2.23,66
Christal,Briney,1.12,26
Ellette,Denis,3.47,22
Vanessa,Lunsford,1.94,30
Marline,Danby,1.92,92
Alex,Percy,4,21
Melina,Liva,2.89,41
Rhea,Carmena,4,35
Randa,Lubin,2.92,41
Ottilie,Stuart,3.46,31
Genovera,Read,4,51
Coral,Valerio,1.47,92
Starla,Hieronymus,4,88
Marline,Liebermann,4,64
Annabela,Kaja,2.21,31
Caritta,Wind,4,87
Micheline,Boehike,1.78,65
Sara-Ann,Tice,4,76
Mady,Santoro,4,48
Corene,Adamsen,4,30
Misha,Standing,3.05,92
Caressa,Stilwell,4,67
Cecile,Forrer,1.40,63
Lorie,Sadowski,4,51
Kimberley,Stav,4,26
Nariko,Fitzsimmons,4,22
Tarra,Kesley,2.26,44
Kaja,Jerald,3.35,47
Liana,Anyah,2.63,73
Berta,Donoghue,2.51,94
Karina,Hirsch,1.93,50
Sheree,Lewes,1.53,71
Deirdre,Sothena,1.34,84
Shandie,Lory,4,30
Katleen,Pacorro,3.81,93
Christal,Goldina,4,77
Darlleen,Estella,4,55
Priscilla,Skurnik,2.09,58
Justinn,Podvin,4,55
Modestia,Lalitta,1.57,37
Nickie,Deny,4,32
Max,Arley,4,32
Elena,Knowling,3.92,56
Merry,Vary,2.51,23
Viki,Koehler,3.19,42
Edyth,Elbertina,2.45,75
Pollyanna,Palocz,2.36,30
Myrtice,Berriman,3.93,84
Tina,Ehrman,1.70,97
Aeriela,Brady,2.63,28
Loree,Sallyann,3.00,18
Gaylene,Greenwald,4,83
Sandie,Rustice,2.69,54
Merle,Fax,4,69
Nelle,Leopold,3.09,65
Fredericka,Hartnett,1.32,66
Ardeen,Tannie,3.02,19
Gerrie,Ventre,1.77,91
Ermengarde,Briney,1.90,28
Deloria,Arvo,3.93,23
Modestia,Brady,2.72,35
Kalina,Adamsen,3.62,37
Helsa,Goerke,2.44,25
Kathi,Lenny,4,18
Konstance,Lenny,1.00,32
Chastity,Buckler,4,80
Sheelagh,Zina,1.16,93
Rivalee,Viddah,2.34,25
Janis,Annabella,1.93,62
Korrie,Turne,2.04,89
Goldie,Geffner,4,72
Sara-Ann,Saree,1.75,70
Maud,Melleta,2.37,59
Valeda,Merriott,4,26
Karena,Marden,2.32,49
Suzette,Larochelle,1.60,88
Aurelie,Celestine,4,45
Karlee,Orpah,3.27,72
Melisent,Dudley,4,96
Karlee,Robertson,2.43,63
Nyssa,Fosque,2.06,87
Susette,Hessler,2.93,67
Susette,Yerkovich,2.50,52
Beatriz,Weinreb,4,70
Meghann,Armanda,1.31,85
Carmela,Pip,3.33,80
Yvonne,Brenn,4,54
Nollie,Radu,2.97,80
Kittie,Evvie,1.92,41
Jasmina,Obed,3.01,50
Ofilia,Payson,1.69,93
Feliza,Doig,2.01,53
Aeriela,Jerald,1.59,37
Almeta,Halla,4,93
Joceline,Yuille,1.31,56
Daphne,Salchunas,4,54
Nita,Ball,3.73,66
Carolina,Minetta,3.03,18
Jaclyn,Hylan,1.81,21
Danika,Latini,1.67,96
Kial,Ade,4,31
Karina,Buffum,1.43,69
Marylou,Colyer,4,57
Melina,Olin,1.78,32
Jan,Obed,2.61,97
Carmela,Edmund,2.17,31
Bertine,Merna,3.11,69
Benita,Crudden,2.60,39
Angelique,McAdams,3.75,39
Misha,Bultman,2.88,48
Mariele,Stuart,2.82,29
Sheree,Edison,3.98,72
Estell,Grayce,4,55
Jasmina,Klotz,2.40,94
Kathy,Lissi,2.53,54
Rosanne,Codding,2.67,74
Lesly,Gusella,2.31,65
Odessa,Ferino,1.86,70
Etta,Avi,1.58,62
Goldie,Giule,4,20
Merle,Franza,2.69,59
Vivia,Winthorpe,2.49,52
Codie,Ogren,3.31,90
Fanny,Orlene,1.70,95
Averyl,Marsden,3.32,65
Molli,Naashom,4,77
Aaren,Salchunas,4,58
Zia,Roarke,1.21,97
Maurene,Ephrem,4,49
Jemie,Edee,2.37,87
Talya,Bultman,1.55,73
Loree,Lay,3.91,94
Rebeca,Dichy,2.05,25
Kaia,Harned,4,86
Beth,Masao,1.00,52
Gerianna,Geffner,4,61
Gerrie,Estella,4,91
Lanae,Minetta,2.29,37
Leona,Brittani,4,95
Shaylyn,Ashok,2.88,59
Celene,Simmonds,1.90,89